{"timestamp": "14.10.2023-18:08", "hour": [4.50, 4.50, 4.50, 4.50, 3.75, 3.50, 4.00, 4.50, 4.50, 4.50, 4.50, 2.50, 0.25, 0.50], "tip": [27.3, 27.3, 27.3, 27.3, 22.8, 21.3, 24.3, 27.3, 27.3, 27.3, 27.3, 15.2, 1.5, 3.0], "tip_exact": [27.336, 27.336, 27.336, 27.336, 22.780, 21.261, 24.299, 27.336, 27.336, 27.336, 27.336, 15.187, 1.518, 3.037], "ratio": 6.075, "sum": 306.78, "bar": 120.19999999999999, "card": 186.57999999999998, "holiday": "herbstferien"}